RazonSocial,RecID
Incol Corp S.A.,840?-yx¤!!#Þ
Incol Corp S.A.,85#^5(y¥!!)¾
Incol Corp S.A.,86$>3m4n!!)9
Incol Corp S.A.,87&<59h=!!&£
Incol Corp S.A.,"87,]10>¸!!)$"
Incol Corp S.A.,"89$-1a,3!!)~"
Incol Corp S.A.,89$=3)z×!!)®
Incol Corp S.A.,89$=37j·!!)7
Incol Corp S.A.,89);1y)k!!)%
Incol Corp S.A.,89*81d29!!):
Incol Corp S.A.,89+^2?7^!!)$
Incol Corp S.A.,89.027m¯!!)¬
Incol Corp S.A.,89.02_6_!!)|
Incol Corp S.A.,8;%;5*(Þ!!)$
Incol Corp S.A.,8;)9.sdØ!!6°
Incol Corp S.A.,8<)<4$be!!)?
Incol Corp S.A.,8=(+.fc6!!)2
Incol Corp S.A.,8>$&4kv)!!)$
Incol Corp S.A.,8>%53-[¬!!&f
Incol Corp S.A.,8>&91$#e!!&%
ISUZU Vehículos Comerciales de Argentina S.A.,8>(34^d¦!!&$
ISUZU Vehículos Comerciales de Argentina S.A.,8>(35f#e!!&l
ISUZU Vehículos Comerciales de Argentina S.A.,8>(35g!!!!&¡
ISUZU Vehículos Comerciales de Argentina S.A.,8>(35h)?!!&¬
ISUZU Vehículos Comerciales de Argentina S.A.,8>(35hs£!!&t
ISUZU Vehículos Comerciales de Argentina S.A.,8>(35^(€!!&9
Automotores el Triangulo SA,"8>)#,u9(!!)$"
Automotores el Triangulo SA,8>)#-*!©!!)*
Automotores el Triangulo SA,8>)#-2!ÿ!!)t
Automotores el Triangulo SA,8>)#-2a®!!)7
Automotores el Triangulo SA,8>)#-3(]!!)¬
Automotores el Triangulo SA,8>)#-4rr!!)§
Incol Corp S.A.,8>)#.non!!&k
Incol Corp S.A.,8>)#1=#!!!&ƒ
ISUZU Vehículos Comerciales de Argentina S.A.,8>)&5e99!!&•
ISUZU Vehículos Comerciales de Argentina S.A.,8>)&5hk8!!&<
ISUZU Vehículos Comerciales de Argentina S.A.,"8>)(,q!5!!&$"
ISUZU Vehículos Comerciales de Argentina S.A.,"8>)(,s>€!!&j"
ISUZU Vehículos Comerciales de Argentina S.A.,"8>)(,tf~!!&9"
ISUZU Vehículos Comerciales de Argentina S.A.,8>)(-=_Þ!!&¬
ISUZU Vehículos Comerciales de Argentina S.A.,8>)(-?q6!!&•
ISUZU Vehículos Comerciales de Argentina S.A.,8>)(-a2a!!&r
ISUZU Vehículos Comerciales de Argentina S.A.,8>)(-[l2!!&:
ISUZU Vehículos Comerciales de Argentina S.A.,8>)(-^hº!!&×
ISUZU Vehículos Comerciales de Argentina S.A.,8>)(2#`¥!!)Ø
ISUZU Vehículos Comerciales de Argentina S.A.,8>)(2&1¤!!)3
ISUZU Vehículos Comerciales de Argentina S.A.,8>)(2)p`!!)7
ISUZU Vehículos Comerciales de Argentina S.A.,8>)(4$e8!!)b
ISUZU Vehículos Comerciales de Argentina S.A.,8>)(4(q¦!!)ƒ
